{"count":1,"self":55.8590272,"total":61.6576586,"children":{"InitializeActuators":{"count":1,"self":0.0030015,"total":0.0030015,"children":null},"InitializeSensors":{"count":1,"self":0.0019909999999999997,"total":0.0019909999999999997,"children":null},"AgentSendState":{"count":3038,"self":0.0383776,"total":0.096985099999999991,"children":{"CollectObservations":{"count":3038,"self":0.033540099999999996,"total":0.033540099999999996,"children":null},"WriteActionMask":{"count":3038,"self":0.0075667,"total":0.0075667,"children":null},"RequestDecision":{"count":3038,"self":0.017500699999999998,"total":0.017500699999999998,"children":null}}},"DecideAction":{"count":3038,"self":5.613256,"total":5.6132558,"children":null},"AgentAct":{"count":3038,"self":0.0763972,"total":0.0763972,"children":null}},"gauges":{"BalanceTask.CumulativeReward":{"count":3,"max":2452.8,"min":2302.77417,"runningAverage":2382.258,"value":2302.77417,"weightedAverage":2403.74365}},"metadata":{"timer_format_version":"0.1.0","start_time_seconds":"1733429963","unity_version":"2022.3.50f1","command_line_arguments":"C:\\Users\\lansa\\Desktop\\Reinforcement Learning\\RLCarBuild\\RLCar.exe","communication_protocol_version":"1.5.0","com.unity.ml-agents_version":"2.0.1","scene_name":"SampleScene","end_time_seconds":"1733430024"}}